Ciudad,Variable
Madrid,multimedia/homestagings/4/original/localizedName
Madrid,multimedia/homestagings/4/original/multimediaId
Madrid,multimedia/homestagings/4/original/tag
Madrid,multimedia/homestagings/4/original/url
Madrid,multimedia/homestagings/4/rendered/localizedName
Madrid,multimedia/homestagings/4/rendered/multimediaId
Madrid,multimedia/homestagings/4/rendered/tag
Madrid,multimedia/homestagings/4/rendered/url
Madrid,multimedia/homestagings/5/original/localizedName
Madrid,multimedia/homestagings/5/original/multimediaId
Madrid,multimedia/homestagings/5/original/tag
Madrid,multimedia/homestagings/5/original/url
Madrid,multimedia/homestagings/5/rendered/localizedName
Madrid,multimedia/homestagings/5/rendered/multimediaId
Madrid,multimedia/homestagings/5/rendered/tag
Madrid,multimedia/homestagings/5/rendered/url
Madrid,multimedia/homestagings/6/original/localizedName
Madrid,multimedia/homestagings/6/original/multimediaId
Madrid,multimedia/homestagings/6/original/tag
Madrid,multimedia/homestagings/6/original/url
Madrid,multimedia/homestagings/6/rendered/localizedName
Madrid,multimedia/homestagings/6/rendered/multimediaId
Madrid,multimedia/homestagings/6/rendered/tag
Madrid,multimedia/homestagings/6/rendered/url
Madrid,multimedia/homestagings/7/original/localizedName
Madrid,multimedia/homestagings/7/original/multimediaId
Madrid,multimedia/homestagings/7/original/tag
Madrid,multimedia/homestagings/7/original/url
Madrid,multimedia/homestagings/7/rendered/localizedName
Madrid,multimedia/homestagings/7/rendered/multimediaId
Madrid,multimedia/homestagings/7/rendered/tag
Madrid,multimedia/homestagings/7/rendered/url
Madrid,multimedia/homestagings/8/original/localizedName
Madrid,multimedia/homestagings/8/original/multimediaId
Madrid,multimedia/homestagings/8/original/tag
Madrid,multimedia/homestagings/8/original/url
Madrid,multimedia/homestagings/8/rendered/localizedName
Madrid,multimedia/homestagings/8/rendered/multimediaId
Madrid,multimedia/homestagings/8/rendered/tag
Madrid,multimedia/homestagings/8/rendered/url
Madrid,multimedia/homestagings/9/original/localizedName
Madrid,multimedia/homestagings/9/original/multimediaId
Madrid,multimedia/homestagings/9/original/tag
Madrid,multimedia/homestagings/9/original/url
Madrid,multimedia/homestagings/9/rendered/localizedName
Madrid,multimedia/homestagings/9/rendered/multimediaId
Madrid,multimedia/homestagings/9/rendered/tag
Madrid,multimedia/homestagings/9/rendered/url
Madrid,multimedia/images/140/tag
Madrid,multimedia/images/140/url
Madrid,multimedia/images/141/tag
Madrid,multimedia/images/141/url
Madrid,multimedia/images/142/tag
Madrid,multimedia/images/142/url
Madrid,multimedia/images/143/tag
Madrid,multimedia/images/143/url
Madrid,multimedia/images/144/tag
Madrid,multimedia/images/144/url
Madrid,multimedia/images/145/tag
Madrid,multimedia/images/145/url
Madrid,multimedia/images/146/tag
Madrid,multimedia/images/146/url
Madrid,multimedia/images/147/tag
Madrid,multimedia/images/147/url
Madrid,multimedia/images/148/tag
Madrid,multimedia/images/148/url
Madrid,multimedia/images/149/tag
Madrid,multimedia/images/149/url
Madrid,multimedia/images/150/tag
Madrid,multimedia/images/150/url
Madrid,multimedia/images/151/tag
Madrid,multimedia/images/151/url
Madrid,multimedia/images/152/tag
Madrid,multimedia/images/152/url
Madrid,multimedia/images/153/tag
Madrid,multimedia/images/153/url
Madrid,multimedia/images/154/tag
Madrid,multimedia/images/154/url
Madrid,multimedia/images/155/tag
Madrid,multimedia/images/155/url
Madrid,multimedia/images/156/tag
Madrid,multimedia/images/156/url
Madrid,multimedia/images/157/tag
Madrid,multimedia/images/157/url
Madrid,multimedia/images/158/tag
Madrid,multimedia/images/158/url
Madrid,multimedia/images/159/tag
Madrid,multimedia/images/159/url
Madrid,multimedia/images/160/tag
Madrid,multimedia/images/160/url
Madrid,multimedia/images/161/tag
Madrid,multimedia/images/161/url
Madrid,multimedia/images/162/tag
Madrid,multimedia/images/162/url
Madrid,multimedia/videos/6/hasExternalVideoPlayer
Madrid,multimedia/videos/6/multimediaId
Madrid,multimedia/videos/6/thumbnail
Madrid,multimedia/videos/6/url
Madrid,multimedia/videos/7/hasExternalVideoPlayer
Madrid,multimedia/videos/7/multimediaId
Madrid,multimedia/videos/7/thumbnail
Madrid,multimedia/videos/7/url
Malaga,labels/3/name
Malaga,labels/3/text
