Variable,Número de ciudades
address,10
bathrooms,10
contactInfo/agencyLogo,10
contactInfo/commercialName,10
contactInfo/contactMethod,10
contactInfo/contactName,10
contactInfo/micrositeShortName,10
contactInfo/needLoginForContact,10
contactInfo/needLoginForPhone,10
contactInfo/phone1/formattedPhone,10
contactInfo/phone1/nationalNumber,10
contactInfo/phone1/phoneNumber,10
contactInfo/phone1/phoneNumberForMobileDialing,10
contactInfo/phone1/prefix,10
contactInfo/totalAds,10
contactInfo/userType,10
country,10
description,10
detailedType/subTypology,10
detailedType/typology,10
district,10
dropDate,10
exterior,10
externalReference,10
favourite,10
features/hasAirConditioning,10
features/hasBoxRoom,10
features/hasGarden,10
features/hasSwimmingPool,10
features/hasTerrace,10
floor,10
has360,10
has3DTour,10
hasLift,10
hasPlan,10
hasStaging,10
hasVideo,10
highlight/groupDescription,10
labels/0/name,10
labels/0/text,10
labels/1/name,10
labels/1/text,10
latitude,10
locationId,10
longitude,10
multimedia/homestagings/0/original/localizedName,10
multimedia/homestagings/0/original/multimediaId,10
multimedia/homestagings/0/original/tag,10
multimedia/homestagings/0/original/url,10
multimedia/homestagings/0/rendered/localizedName,10
multimedia/homestagings/0/rendered/multimediaId,10
multimedia/homestagings/0/rendered/tag,10
multimedia/homestagings/0/rendered/url,10
multimedia/images/0/tag,10
multimedia/images/0/url,10
multimedia/images/1/tag,10
multimedia/images/1/url,10
multimedia/images/10/tag,10
multimedia/images/10/url,10
multimedia/images/100/tag,10
multimedia/images/100/url,10
multimedia/images/101/tag,10
multimedia/images/101/url,10
multimedia/images/102/tag,10
multimedia/images/102/url,10
multimedia/images/103/tag,10
multimedia/images/103/url,10
multimedia/images/104/tag,10
multimedia/images/104/url,10
multimedia/images/105/tag,10
multimedia/images/105/url,10
multimedia/images/106/tag,10
multimedia/images/106/url,10
multimedia/images/107/tag,10
multimedia/images/107/url,10
multimedia/images/11/tag,10
multimedia/images/11/url,10
multimedia/images/12/tag,10
multimedia/images/12/url,10
multimedia/images/13/tag,10
multimedia/images/13/url,10
multimedia/images/14/tag,10
multimedia/images/14/url,10
multimedia/images/15/tag,10
multimedia/images/15/url,10
multimedia/images/16/tag,10
multimedia/images/16/url,10
multimedia/images/17/tag,10
multimedia/images/17/url,10
multimedia/images/18/tag,10
multimedia/images/18/url,10
multimedia/images/19/tag,10
multimedia/images/19/url,10
multimedia/images/2/tag,10
multimedia/images/2/url,10
multimedia/images/20/tag,10
multimedia/images/20/url,10
multimedia/images/21/tag,10
multimedia/images/21/url,10
multimedia/images/22/tag,10
multimedia/images/22/url,10
multimedia/images/23/tag,10
multimedia/images/23/url,10
multimedia/images/24/tag,10
multimedia/images/24/url,10
multimedia/images/25/tag,10
multimedia/images/25/url,10
multimedia/images/26/tag,10
multimedia/images/26/url,10
multimedia/images/27/tag,10
multimedia/images/27/url,10
multimedia/images/28/tag,10
multimedia/images/28/url,10
multimedia/images/29/tag,10
multimedia/images/29/url,10
multimedia/images/3/tag,10
multimedia/images/3/url,10
multimedia/images/30/tag,10
multimedia/images/30/url,10
multimedia/images/31/tag,10
multimedia/images/31/url,10
multimedia/images/32/tag,10
multimedia/images/32/url,10
multimedia/images/33/tag,10
multimedia/images/33/url,10
multimedia/images/34/tag,10
multimedia/images/34/url,10
multimedia/images/35/tag,10
multimedia/images/35/url,10
multimedia/images/36/tag,10
multimedia/images/36/url,10
multimedia/images/37/tag,10
multimedia/images/37/url,10
multimedia/images/38/tag,10
multimedia/images/38/url,10
multimedia/images/39/tag,10
multimedia/images/39/url,10
multimedia/images/4/tag,10
multimedia/images/4/url,10
multimedia/images/40/tag,10
multimedia/images/40/url,10
multimedia/images/41/tag,10
multimedia/images/41/url,10
multimedia/images/42/tag,10
multimedia/images/42/url,10
multimedia/images/43/tag,10
multimedia/images/43/url,10
multimedia/images/44/tag,10
multimedia/images/44/url,10
multimedia/images/45/tag,10
multimedia/images/45/url,10
multimedia/images/46/tag,10
multimedia/images/46/url,10
multimedia/images/47/tag,10
multimedia/images/47/url,10
multimedia/images/48/tag,10
multimedia/images/48/url,10
multimedia/images/49/tag,10
multimedia/images/49/url,10
multimedia/images/5/tag,10
multimedia/images/5/url,10
multimedia/images/50/tag,10
multimedia/images/50/url,10
multimedia/images/51/tag,10
multimedia/images/51/url,10
multimedia/images/52/tag,10
multimedia/images/52/url,10
multimedia/images/53/tag,10
multimedia/images/53/url,10
multimedia/images/54/tag,10
multimedia/images/54/url,10
multimedia/images/55/tag,10
multimedia/images/55/url,10
multimedia/images/56/tag,10
multimedia/images/56/url,10
multimedia/images/57/tag,10
multimedia/images/57/url,10
multimedia/images/58/tag,10
multimedia/images/58/url,10
multimedia/images/59/tag,10
multimedia/images/59/url,10
multimedia/images/6/tag,10
multimedia/images/6/url,10
multimedia/images/60/tag,10
multimedia/images/60/url,10
multimedia/images/61/tag,10
multimedia/images/61/url,10
multimedia/images/62/tag,10
multimedia/images/62/url,10
multimedia/images/63/tag,10
multimedia/images/63/url,10
multimedia/images/64/tag,10
multimedia/images/64/url,10
multimedia/images/65/tag,10
multimedia/images/65/url,10
multimedia/images/66/tag,10
multimedia/images/66/url,10
multimedia/images/67/tag,10
multimedia/images/67/url,10
multimedia/images/68/tag,10
multimedia/images/68/url,10
multimedia/images/69/tag,10
multimedia/images/69/url,10
multimedia/images/7/tag,10
multimedia/images/7/url,10
multimedia/images/70/tag,10
multimedia/images/70/url,10
multimedia/images/71/tag,10
multimedia/images/71/url,10
multimedia/images/72/tag,10
multimedia/images/72/url,10
multimedia/images/73/tag,10
multimedia/images/73/url,10
multimedia/images/74/tag,10
multimedia/images/74/url,10
multimedia/images/75/tag,10
multimedia/images/75/url,10
multimedia/images/76/tag,10
multimedia/images/76/url,10
multimedia/images/77/tag,10
multimedia/images/77/url,10
multimedia/images/78/tag,10
multimedia/images/78/url,10
multimedia/images/79/tag,10
multimedia/images/79/url,10
multimedia/images/8/tag,10
multimedia/images/8/url,10
multimedia/images/80/tag,10
multimedia/images/80/url,10
multimedia/images/81/tag,10
multimedia/images/81/url,10
multimedia/images/82/tag,10
multimedia/images/82/url,10
multimedia/images/83/tag,10
multimedia/images/83/url,10
multimedia/images/84/tag,10
multimedia/images/84/url,10
multimedia/images/85/tag,10
multimedia/images/85/url,10
multimedia/images/86/tag,10
multimedia/images/86/url,10
multimedia/images/87/tag,10
multimedia/images/87/url,10
multimedia/images/88/tag,10
multimedia/images/88/url,10
multimedia/images/89/tag,10
multimedia/images/89/url,10
multimedia/images/9/tag,10
multimedia/images/9/url,10
multimedia/images/90/tag,10
multimedia/images/90/url,10
multimedia/images/91/tag,10
multimedia/images/91/url,10
multimedia/images/92/tag,10
multimedia/images/92/url,10
multimedia/images/93/tag,10
multimedia/images/93/url,10
multimedia/images/94/tag,10
multimedia/images/94/url,10
multimedia/images/95/tag,10
multimedia/images/95/url,10
multimedia/images/96/tag,10
multimedia/images/96/url,10
multimedia/images/97/tag,10
multimedia/images/97/url,10
multimedia/images/98/tag,10
multimedia/images/98/url,10
multimedia/images/99/tag,10
multimedia/images/99/url,10
multimedia/videos/0/hasExternalVideoPlayer,10
multimedia/videos/0/multimediaId,10
multimedia/videos/0/thumbnail,10
multimedia/videos/0/url,10
multimedia/videos/1/hasExternalVideoPlayer,10
multimedia/videos/1/multimediaId,10
multimedia/videos/1/thumbnail,10
multimedia/videos/1/url,10
multimedia/videos/2/hasExternalVideoPlayer,10
multimedia/videos/2/multimediaId,10
multimedia/videos/2/thumbnail,10
multimedia/videos/2/url,10
multimedia/virtual3DTours/0/category,10
multimedia/virtual3DTours/0/thumbnail,10
multimedia/virtual3DTours/0/url,10
municipality,10
newDevelopment,10
newDevelopmentFinished,10
newDevelopmentHighlight,10
newProperty,10
numPhotos,10
operation,10
parkingSpace/hasParkingSpace,10
parkingSpace/isParkingSpaceIncludedInPrice,10
preferenceHighlight,10
price,10
priceByArea,10
priceDropPercentage,10
priceDropValue,10
priceInfo/price/amount,10
priceInfo/price/currencySuffix,10
priceInfo/price/priceDropInfo/formerPrice,10
priceInfo/price/priceDropInfo/priceDropPercentage,10
priceInfo/price/priceDropInfo/priceDropValue,10
propertyCode,10
propertyType,10
province,10
ribbons/0/name,10
ribbons/0/text,10
rooms,10
showAddress,10
size,10
status,10
suggestedTexts/title,10
thumbnail,10
topHighlight,10
topNewDevelopment,10
topPlus,10
urgentVisualHighlight,10
url,10
visualHighlight,10
highlightComment,9
multimedia/homestagings/1/original/localizedName,9
multimedia/homestagings/1/original/multimediaId,9
multimedia/homestagings/1/original/tag,9
multimedia/homestagings/1/original/url,9
multimedia/homestagings/1/rendered/localizedName,9
multimedia/homestagings/1/rendered/multimediaId,9
multimedia/homestagings/1/rendered/tag,9
multimedia/homestagings/1/rendered/url,9
multimedia/images/108/tag,9
multimedia/images/108/url,9
neighborhood,9
parkingSpace/parkingSpacePrice,9
multimedia/images/109/tag,8
multimedia/images/109/url,8
multimedia/videos/3/hasExternalVideoPlayer,8
multimedia/videos/3/multimediaId,8
multimedia/videos/3/thumbnail,8
multimedia/videos/3/url,8
multimedia/videos/4/hasExternalVideoPlayer,8
multimedia/videos/4/multimediaId,8
multimedia/videos/4/thumbnail,8
multimedia/videos/4/url,8
multimedia/virtual3DTours/1/category,8
multimedia/virtual3DTours/1/thumbnail,8
multimedia/virtual3DTours/1/url,8
contactInfo/phone1/internationalPrefix,7
labels/2/name,7
labels/2/text,7
multimedia/images/110/tag,7
multimedia/images/110/url,7
multimedia/images/111/tag,7
multimedia/images/111/url,7
multimedia/images/112/tag,7
multimedia/images/112/url,7
multimedia/images/113/tag,7
multimedia/images/113/url,7
multimedia/images/114/tag,7
multimedia/images/114/url,7
multimedia/images/115/tag,7
multimedia/images/115/url,7
multimedia/images/116/tag,7
multimedia/images/116/url,7
multimedia/images/117/tag,7
multimedia/images/117/url,7
multimedia/images/118/tag,7
multimedia/images/118/url,7
multimedia/images/119/tag,7
multimedia/images/119/url,7
multimedia/images/120/tag,7
multimedia/images/120/url,7
multimedia/images/121/tag,7
multimedia/images/121/url,7
multimedia/images/122/tag,7
multimedia/images/122/url,7
multimedia/images/123/tag,7
multimedia/images/123/url,7
multimedia/videos/5/hasExternalVideoPlayer,7
multimedia/videos/5/multimediaId,7
multimedia/videos/5/thumbnail,7
multimedia/videos/5/url,7
multimedia/images/124/tag,6
multimedia/images/124/url,6
multimedia/images/125/tag,5
multimedia/images/125/url,5
multimedia/images/126/tag,5
multimedia/images/126/url,5
luxuryVisibility,4
multimedia/homestagings/2/original/localizedName,4
multimedia/homestagings/2/original/multimediaId,4
multimedia/homestagings/2/original/tag,4
multimedia/homestagings/2/original/url,4
multimedia/homestagings/2/rendered/localizedName,4
multimedia/homestagings/2/rendered/multimediaId,4
multimedia/homestagings/2/rendered/tag,4
multimedia/homestagings/2/rendered/url,4
multimedia/homestagings/3/original/localizedName,3
multimedia/homestagings/3/original/multimediaId,3
multimedia/homestagings/3/original/tag,3
multimedia/homestagings/3/original/url,3
multimedia/homestagings/3/rendered/localizedName,3
multimedia/homestagings/3/rendered/multimediaId,3
multimedia/homestagings/3/rendered/tag,3
multimedia/homestagings/3/rendered/url,3
multimedia/images/127/tag,3
multimedia/images/127/url,3
multimedia/images/128/tag,3
multimedia/images/128/url,3
multimedia/images/129/tag,2
multimedia/images/129/url,2
multimedia/images/130/tag,2
multimedia/images/130/url,2
multimedia/images/131/tag,2
multimedia/images/131/url,2
multimedia/images/132/tag,2
multimedia/images/132/url,2
multimedia/images/133/tag,2
multimedia/images/133/url,2
multimedia/images/134/tag,2
multimedia/images/134/url,2
multimedia/images/135/tag,2
multimedia/images/135/url,2
multimedia/images/136/tag,2
multimedia/images/136/url,2
multimedia/images/137/tag,2
multimedia/images/137/url,2
multimedia/images/138/tag,2
multimedia/images/138/url,2
multimedia/images/139/tag,2
multimedia/images/139/url,2
labels/3/name,1
labels/3/text,1
multimedia/homestagings/4/original/localizedName,1
multimedia/homestagings/4/original/multimediaId,1
multimedia/homestagings/4/original/tag,1
multimedia/homestagings/4/original/url,1
multimedia/homestagings/4/rendered/localizedName,1
multimedia/homestagings/4/rendered/multimediaId,1
multimedia/homestagings/4/rendered/tag,1
multimedia/homestagings/4/rendered/url,1
multimedia/homestagings/5/original/localizedName,1
multimedia/homestagings/5/original/multimediaId,1
multimedia/homestagings/5/original/tag,1
multimedia/homestagings/5/original/url,1
multimedia/homestagings/5/rendered/localizedName,1
multimedia/homestagings/5/rendered/multimediaId,1
multimedia/homestagings/5/rendered/tag,1
multimedia/homestagings/5/rendered/url,1
multimedia/homestagings/6/original/localizedName,1
multimedia/homestagings/6/original/multimediaId,1
multimedia/homestagings/6/original/tag,1
multimedia/homestagings/6/original/url,1
multimedia/homestagings/6/rendered/localizedName,1
multimedia/homestagings/6/rendered/multimediaId,1
multimedia/homestagings/6/rendered/tag,1
multimedia/homestagings/6/rendered/url,1
multimedia/homestagings/7/original/localizedName,1
multimedia/homestagings/7/original/multimediaId,1
multimedia/homestagings/7/original/tag,1
multimedia/homestagings/7/original/url,1
multimedia/homestagings/7/rendered/localizedName,1
multimedia/homestagings/7/rendered/multimediaId,1
multimedia/homestagings/7/rendered/tag,1
multimedia/homestagings/7/rendered/url,1
multimedia/homestagings/8/original/localizedName,1
multimedia/homestagings/8/original/multimediaId,1
multimedia/homestagings/8/original/tag,1
multimedia/homestagings/8/original/url,1
multimedia/homestagings/8/rendered/localizedName,1
multimedia/homestagings/8/rendered/multimediaId,1
multimedia/homestagings/8/rendered/tag,1
multimedia/homestagings/8/rendered/url,1
multimedia/homestagings/9/original/localizedName,1
multimedia/homestagings/9/original/multimediaId,1
multimedia/homestagings/9/original/tag,1
multimedia/homestagings/9/original/url,1
multimedia/homestagings/9/rendered/localizedName,1
multimedia/homestagings/9/rendered/multimediaId,1
multimedia/homestagings/9/rendered/tag,1
multimedia/homestagings/9/rendered/url,1
multimedia/images/140/tag,1
multimedia/images/140/url,1
multimedia/images/141/tag,1
multimedia/images/141/url,1
multimedia/images/142/tag,1
multimedia/images/142/url,1
multimedia/images/143/tag,1
multimedia/images/143/url,1
multimedia/images/144/tag,1
multimedia/images/144/url,1
multimedia/images/145/tag,1
multimedia/images/145/url,1
multimedia/images/146/tag,1
multimedia/images/146/url,1
multimedia/images/147/tag,1
multimedia/images/147/url,1
multimedia/images/148/tag,1
multimedia/images/148/url,1
multimedia/images/149/tag,1
multimedia/images/149/url,1
multimedia/images/150/tag,1
multimedia/images/150/url,1
multimedia/images/151/tag,1
multimedia/images/151/url,1
multimedia/images/152/tag,1
multimedia/images/152/url,1
multimedia/images/153/tag,1
multimedia/images/153/url,1
multimedia/images/154/tag,1
multimedia/images/154/url,1
multimedia/images/155/tag,1
multimedia/images/155/url,1
multimedia/images/156/tag,1
multimedia/images/156/url,1
multimedia/images/157/tag,1
multimedia/images/157/url,1
multimedia/images/158/tag,1
multimedia/images/158/url,1
multimedia/images/159/tag,1
multimedia/images/159/url,1
multimedia/images/160/tag,1
multimedia/images/160/url,1
multimedia/images/161/tag,1
multimedia/images/161/url,1
multimedia/images/162/tag,1
multimedia/images/162/url,1
multimedia/videos/6/hasExternalVideoPlayer,1
multimedia/videos/6/multimediaId,1
multimedia/videos/6/thumbnail,1
multimedia/videos/6/url,1
multimedia/videos/7/hasExternalVideoPlayer,1
multimedia/videos/7/multimediaId,1
multimedia/videos/7/thumbnail,1
multimedia/videos/7/url,1
