Variable,Valores nulos,Porcentaje (%)
labels/3/text,55652,100.0
labels/3/name,55652,100.0
multimedia/videos/7/url,55652,100.0
multimedia/videos/7/thumbnail,55652,100.0
multimedia/videos/7/multimediaId,55652,100.0
multimedia/videos/7/hasExternalVideoPlayer,55652,100.0
multimedia/images/157/tag,55652,100.0
multimedia/images/156/url,55652,100.0
multimedia/images/156/tag,55652,100.0
multimedia/images/155/url,55652,100.0
multimedia/images/155/tag,55652,100.0
multimedia/images/154/url,55652,100.0
multimedia/images/154/tag,55652,100.0
multimedia/images/153/url,55652,100.0
multimedia/images/153/tag,55652,100.0
multimedia/images/152/url,55652,100.0
multimedia/images/152/tag,55652,100.0
multimedia/images/151/url,55652,100.0
multimedia/images/151/tag,55652,100.0
multimedia/images/150/url,55652,100.0
multimedia/images/150/tag,55652,100.0
multimedia/images/149/url,55652,100.0
multimedia/images/146/tag,55651,100.0
multimedia/images/145/url,55651,100.0
multimedia/images/148/url,55652,100.0
multimedia/images/149/tag,55652,100.0
multimedia/images/147/tag,55651,100.0
multimedia/images/146/url,55651,100.0
multimedia/images/147/url,55651,100.0
multimedia/images/148/tag,55652,100.0
multimedia/homestagings/8/rendered/tag,55652,100.0
multimedia/homestagings/8/rendered/multimediaId,55652,100.0
multimedia/homestagings/8/rendered/localizedName,55652,100.0
multimedia/homestagings/9/rendered/url,55652,100.0
multimedia/homestagings/9/original/url,55652,100.0
multimedia/homestagings/9/rendered/localizedName,55652,100.0
multimedia/homestagings/9/rendered/multimediaId,55652,100.0
multimedia/homestagings/9/rendered/tag,55652,100.0
multimedia/images/144/url,55651,100.0
multimedia/images/143/tag,55651,100.0
multimedia/images/143/url,55651,100.0
multimedia/images/144/tag,55651,100.0
multimedia/images/145/tag,55651,100.0
multimedia/homestagings/9/original/localizedName,55652,100.0
multimedia/homestagings/9/original/multimediaId,55652,100.0
multimedia/homestagings/9/original/tag,55652,100.0
multimedia/homestagings/8/original/url,55652,100.0
multimedia/homestagings/8/rendered/url,55652,100.0
multimedia/videos/6/multimediaId,55651,100.0
multimedia/videos/6/thumbnail,55651,100.0
multimedia/images/162/tag,55652,100.0
multimedia/images/162/url,55652,100.0
multimedia/images/161/url,55652,100.0
multimedia/videos/6/hasExternalVideoPlayer,55651,100.0
multimedia/images/158/tag,55652,100.0
multimedia/images/160/url,55652,100.0
multimedia/images/160/tag,55652,100.0
multimedia/images/159/url,55652,100.0
multimedia/images/157/url,55652,100.0
multimedia/homestagings/4/original/localizedName,55651,100.0
multimedia/homestagings/4/original/multimediaId,55651,100.0
multimedia/homestagings/4/original/tag,55651,100.0
multimedia/homestagings/4/original/url,55651,100.0
multimedia/homestagings/4/rendered/localizedName,55651,100.0
multimedia/homestagings/4/rendered/multimediaId,55651,100.0
multimedia/homestagings/4/rendered/tag,55651,100.0
multimedia/homestagings/4/rendered/url,55651,100.0
multimedia/homestagings/5/original/localizedName,55652,100.0
multimedia/homestagings/5/original/multimediaId,55652,100.0
multimedia/homestagings/5/original/tag,55652,100.0
multimedia/homestagings/5/original/url,55652,100.0
multimedia/homestagings/5/rendered/localizedName,55652,100.0
multimedia/homestagings/5/rendered/multimediaId,55652,100.0
multimedia/homestagings/5/rendered/tag,55652,100.0
multimedia/homestagings/5/rendered/url,55652,100.0
multimedia/homestagings/6/original/localizedName,55652,100.0
multimedia/homestagings/6/original/multimediaId,55652,100.0
multimedia/homestagings/6/original/tag,55652,100.0
multimedia/homestagings/6/original/url,55652,100.0
multimedia/homestagings/6/rendered/localizedName,55652,100.0
multimedia/homestagings/6/rendered/multimediaId,55652,100.0
multimedia/homestagings/6/rendered/tag,55652,100.0
multimedia/homestagings/6/rendered/url,55652,100.0
multimedia/homestagings/7/original/localizedName,55652,100.0
multimedia/homestagings/7/original/multimediaId,55652,100.0
multimedia/homestagings/7/original/tag,55652,100.0
multimedia/homestagings/7/original/url,55652,100.0
multimedia/homestagings/7/rendered/localizedName,55652,100.0
multimedia/homestagings/7/rendered/multimediaId,55652,100.0
multimedia/homestagings/7/rendered/tag,55652,100.0
multimedia/homestagings/7/rendered/url,55652,100.0
multimedia/homestagings/8/original/localizedName,55652,100.0
multimedia/homestagings/8/original/multimediaId,55652,100.0
multimedia/homestagings/8/original/tag,55652,100.0
multimedia/images/158/url,55652,100.0
multimedia/images/161/tag,55652,100.0
multimedia/videos/6/url,55651,100.0
multimedia/images/159/tag,55652,100.0
