Ciudad,Modelo,Variable,Beta_estandarizada,Error_estandar_HC3,t_HC3,p_value_HC3,IC95_inf_HC3,IC95_sup_HC3,Significativa_5pct_HC3,Beta_abs
A Coruña,Base,size,0.5509235773503064,0.03964419996134808,13.896700599014245,3.893721096493993e-39,0.4730936849142374,0.6287534697863754,True,0.5509235773503064
A Coruña,Base,rooms,-0.08586072176543362,0.02970346103263201,-2.8905965426422076,0.00395893975845371,-0.1441748554698007,-0.02754658806106656,True,0.08586072176543362
A Coruña,Base,bathrooms,0.22035537754177179,0.03725502242062404,5.914783114444861,5.0993956347138944e-09,0.14721594250392295,0.2934948125796206,True,0.22035537754177179
A Coruña,Base,hasLift,0.21065292559955015,0.026210085281671493,8.037094245811481,3.68737342327943e-15,0.15919702233497282,0.26210882886412745,True,0.21065292559955015
A Coruña,Base,hasTerrace,-0.06510594359711094,0.02722000792716759,-2.3918414635041443,0.01701547446398938,-0.11854453716554977,-0.01166735002867212,True,0.06510594359711094
A Coruña,Base,hasSwimmingPool,-0.02057724607783945,0.0233137049541952,-0.8826244527958078,0.3777289657653586,-0.06634694632756949,0.02519245417189058,False,0.02057724607783945
A Coruña,Base,hasGarden,0.02550271832282499,0.023228703991430472,1.0978967372537636,0.2726105874129406,-0.02010010718115684,0.07110554382680681,False,0.02550271832282499
A Coruña,Base,hasParking,0.03341796916301662,0.026525177776890372,1.259858442574944,0.20812194968091371,-0.01865652686000223,0.08549246518603547,False,0.03341796916301662
A Coruña,Base,newDevelopment,0.07746658865074965,0.028170000959792423,2.749967554538574,0.006107216126662905,0.022162959197709976,0.13277021810378933,True,0.07746658865074965
A Coruña,Base,exterior,0.07260589323192147,0.017526085531863324,4.1427330192997305,3.8325281820879374e-05,0.03819850569225164,0.10701328077159131,True,0.07260589323192147
A Coruña,Ampliado,size,0.5850873033880033,0.04517087494847831,12.95275559872044,1.162209565134905e-34,0.4964057641161388,0.6737688426598678,True,0.5850873033880033
A Coruña,Ampliado,rooms,-0.09881218321392372,0.03204438346118147,-3.083603818860322,0.0021228047661991014,-0.1617231906627883,-0.035901175765059135,True,0.09881218321392372
A Coruña,Ampliado,bathrooms,0.21249321649714678,0.03738596568789422,5.68376963353265,1.9104533793317563e-08,0.13909536914198373,0.28589106385230983,True,0.21249321649714678
A Coruña,Ampliado,hasLift,0.19451561773044612,0.026669207408481693,7.293640742716025,7.934282195125539e-13,0.1421574031321601,0.24687383232873214,True,0.19451561773044612
A Coruña,Ampliado,hasTerrace,-0.04956300301821524,0.026604214440322307,-1.8629756247602547,0.06287044770789758,-0.10179362043214749,0.0026676143957170065,False,0.04956300301821524
A Coruña,Ampliado,hasSwimmingPool,-0.01364682273360034,0.022697844111544196,-0.6012387197011156,0.5478691917135211,-0.058208274249880385,0.030914628782679702,False,0.01364682273360034
A Coruña,Ampliado,hasGarden,0.03418080027668518,0.02169937411320097,1.5751975194478556,0.11564770137360601,-0.008420409015576655,0.07678200956894701,False,0.03418080027668518
A Coruña,Ampliado,hasParking,0.0651456794548133,0.028772674120929237,2.264151019853464,0.023859846623620402,0.008657842260557172,0.12163351664906942,True,0.0651456794548133
A Coruña,Ampliado,newDevelopment,0.05931715950076773,0.027050413084063883,2.1928374741054526,0.028636539831853845,0.006210544387141727,0.11242377461439373,True,0.05931715950076773
A Coruña,Ampliado,exterior,0.069359971630768,0.017386770642668463,3.9892383155129068,7.302555036289904e-05,0.035225463824191935,0.10349447943734406,True,0.069359971630768
A Coruña,Ampliado,size_sq,-0.07286725007313126,0.030089740770245798,-2.4216642685465057,0.015694305463211333,-0.13194081309001648,-0.013793687056246048,True,0.07286725007313126
A Coruña,Ampliado,floor_num,0.005553952053515604,0.02552535266608521,0.21758571276842645,0.8278132233268993,-0.0445585943044531,0.05566649841148431,False,0.005553952053515604
A Coruña,Ampliado,status_renew,-0.11082569211675686,0.02210450126050031,-5.01371602148731,6.720012129539201e-07,-0.1542222656578694,-0.06742911857564432,True,0.11082569211675686
A Coruña,Ampliado,dist_center_km,-0.11512157767928549,0.020972293558638014,-5.489222118573174,5.588471821356941e-08,-0.15629534898574723,-0.07394780637282375,True,0.11512157767928549
A Coruña,Ampliado,hasAirConditioning,0.03231155480425034,0.028849225920377242,1.1200146199218306,0.26307893600920634,-0.0243265724035781,0.08894968201207878,False,0.03231155480425034
A Coruña,Ampliado,hasBoxRoom,-0.03745233799992598,0.029480794625604118,-1.2703978463117327,0.20435104016322833,-0.09533038993800019,0.020425713938148245,False,0.03745233799992598
A Coruña,Ampliado,floor_missing,-0.017612728791657182,0.028359496025902393,-0.6210522491503531,0.5347607163347611,-0.07328939574619159,0.03806393816287722,False,0.017612728791657182
A Coruña,Ampliado,status_missing,0.04580454648752997,0.006824643881768557,6.711639065870211,3.8862968356999025e-11,0.032406091728620405,0.059203001246439534,True,0.04580454648752997
Alicante,Base,size,0.47966954279078766,0.01848072255641297,25.95512926113044,1.4892951750235838e-135,0.4434349705632492,0.5159041150183261,True,0.47966954279078766
Alicante,Base,rooms,-0.16847658039339683,0.017533941948800546,-9.608596907948694,1.3875718227542477e-21,-0.20285482962244622,-0.13409833116434744,True,0.16847658039339683
Alicante,Base,bathrooms,0.26150601557598946,0.017364834344740645,15.059516859439135,1.1937667205589131e-49,0.22745933031446514,0.2955527008375138,True,0.26150601557598946
Alicante,Base,hasLift,0.21762100139468996,0.012519457845802497,17.38262184154033,6.99783504957013e-65,0.19307449363891296,0.24216750915046695,True,0.21762100139468996
Alicante,Base,hasTerrace,0.05250618390937024,0.01199248912895191,4.378255701946927,1.2327114921460607e-05,0.028992887164368892,0.07601948065437159,True,0.05250618390937024
Alicante,Base,hasSwimmingPool,0.09877416844995474,0.01582359974276682,6.24220594906704,4.852484873826155e-10,0.06774933346156396,0.1297990034383455,True,0.09877416844995474
Alicante,Base,hasGarden,0.027436217730941383,0.013961179608172499,1.965179053701233,0.04947558324537349,6.297140089353559e-05,0.05480946406098923,True,0.027436217730941383
Alicante,Base,hasParking,0.028837545098214762,0.013960771945121204,2.0656125042062925,0.03894140812581191,0.0014650980603066882,0.056209992136122836,True,0.028837545098214762
Alicante,Base,newDevelopment,-0.0026497402091174827,0.00784403848618744,-0.3378030607299298,0.735532655702384,-0.01802930008377843,0.012729819665543464,False,0.0026497402091174827
Alicante,Base,exterior,0.0022429981077027998,0.011138564779984855,0.20137227299995553,0.8404196544883275,-0.01959603598847351,0.02408203220387911,False,0.0022429981077027998
Alicante,Ampliado,size,0.48382111453812,0.02064804132838024,23.431816453850246,1.363025215119771e-112,0.4433371138189021,0.5243051152573379,True,0.48382111453812
Alicante,Ampliado,rooms,-0.15886221330021214,0.01794384478233831,-8.853298455667447,1.3481249276531218e-18,-0.19404417625353332,-0.12368025034689095,True,0.15886221330021214
Alicante,Ampliado,bathrooms,0.24783854984768436,0.016919390504560337,14.648196090803841,3.816184638319246e-47,0.21466520393744146,0.2810118957579273,True,0.24783854984768436
Alicante,Ampliado,hasLift,0.17777951077556356,0.012331215450662273,14.417030623369374,9.136149528814696e-46,0.1536020632765952,0.20195695827453192,True,0.17777951077556356
Alicante,Ampliado,hasTerrace,0.044244496845371954,0.01167528708486929,3.7895853458465334,0.0001535455626731885,0.02135310859096835,0.06713588509977556,True,0.044244496845371954
Alicante,Ampliado,hasSwimmingPool,0.11189741945890816,0.017488669147911067,6.398280996257153,1.7889460397423408e-10,0.07760790583859925,0.14618693307921707,True,0.11189741945890816
Alicante,Ampliado,hasGarden,0.02869782869111478,0.0147645092687018,1.943703523689013,0.052014597284398625,-0.00025050564951161966,0.05764616303174118,False,0.02869782869111478
Alicante,Ampliado,hasParking,0.020690768900057714,0.014474532459046811,1.4294602577733457,0.15296495633125168,-0.007689016531549721,0.04907055433166515,False,0.020690768900057714
Alicante,Ampliado,newDevelopment,0.017011293444728515,0.00832829041381687,2.0425912881839827,0.04117080638076673,0.0006822620494166612,0.03334032484004037,True,0.017011293444728515
Alicante,Ampliado,exterior,-0.0020197060842774353,0.011205918912853344,-0.18023565046154355,0.8569784407998146,-0.023990818119195085,0.019951405950640214,False,0.0020197060842774353
Alicante,Ampliado,size_sq,-0.02657458341469748,0.014822338795721441,-1.7928738359676677,0.07308301623043942,-0.05563630238954763,0.0024871355601526653,False,0.02657458341469748
Alicante,Ampliado,floor_num,0.11445833706651623,0.012035827052492813,9.509802406375561,3.51935867187348e-21,0.0908600488172683,0.13805662531576418,True,0.11445833706651623
Alicante,Ampliado,status_renew,-0.04743810552849465,0.012017144476993015,-3.9475355912809023,8.057720165019708e-05,-0.07099976340743569,-0.02387644764955361,True,0.04743810552849465
Alicante,Ampliado,dist_center_km,-0.052860207113628405,0.016782308273463848,-3.1497578433361793,0.0016484082051454237,-0.08576477996912764,-0.01995563425812917,True,0.052860207113628405
Alicante,Ampliado,hasAirConditioning,0.10287455618153028,0.010796330629138626,9.528659293174872,2.949401204447829e-21,0.08170651171649872,0.12404260064656185,True,0.10287455618153028
Alicante,Ampliado,hasBoxRoom,0.004053482760008853,0.011880512427239372,0.3411875358772505,0.7329837393565167,-0.01924028472136252,0.027347250241380225,False,0.004053482760008853
Alicante,Ampliado,floor_missing,-0.0035283571260844296,0.010964118232865182,-0.32180947442796654,0.7476170547156592,-0.025025377757034707,0.017968663504865846,False,0.0035283571260844296
Alicante,Ampliado,status_missing,-0.009383493920559071,0.006518329862526113,-1.4395549348468526,0.15008651255577202,-0.02216378947720825,0.0033968016360901073,False,0.009383493920559071
Avila,Base,size,0.4955832113792067,0.0790968087255213,6.265527261649209,2.474531574603455e-09,0.33955188771995115,0.6516145350384622,True,0.4955832113792067
Avila,Base,rooms,0.03372705601452203,0.05579652464147421,0.6044651746903303,0.546263215653658,-0.07634066651024803,0.14379477853929207,False,0.03372705601452203
Avila,Base,bathrooms,0.10111227251678438,0.06794403617920083,1.4881699440124971,0.1383815156272067,-0.032918392823730394,0.23514293785729917,False,0.10111227251678438
Avila,Base,hasLift,0.21316614743251344,0.0541111758716166,3.939410740921032,0.00011504061745468765,0.1064230495496922,0.3199092453153347,True,0.21316614743251344
Avila,Base,hasTerrace,0.033055896290035316,0.05000827664772102,0.6610085071096274,0.5094160756798402,-0.06559356536320692,0.13170535794327753,False,0.033055896290035316
Avila,Base,hasSwimmingPool,0.16416559535910166,0.04808065545757514,3.4143793131929376,0.0007830788323763493,0.06931868011270385,0.25901251060549946,True,0.16416559535910166
Avila,Base,hasGarden,0.014403156649540755,0.04774548898131128,0.30166528727307607,0.763240659805325,-0.07978258819339444,0.10858890149247595,False,0.014403156649540755
Avila,Base,hasParking,0.15444927671989495,0.05851849309688807,2.639324229764015,0.009004346134935113,0.03901202857329121,0.26988652486649867,True,0.15444927671989495
Avila,Base,exterior,0.0717986350290035,0.05193395323877895,1.382498934731424,0.16845865924176961,-0.030649536993010734,0.17424680705101772,False,0.0717986350290035
Avila,Ampliado,size,0.5451311286682698,0.09436973640658666,5.776546056244168,3.267500009614695e-08,0.35892481871090975,0.7313374386256299,True,0.5451311286682698
Avila,Ampliado,rooms,0.05251528554161038,0.06524716377975351,0.8048669474565899,0.4219524394439696,-0.07622761515132229,0.18125818623454307,False,0.05251528554161038
Avila,Ampliado,bathrooms,0.12675946859248205,0.07554898969809676,1.6778446554881645,0.09510329815976261,-0.02231055245832736,0.27582948964329146,False,0.12675946859248205
Avila,Ampliado,hasLift,0.1988555309618352,0.059725606049375025,3.3294853600554806,0.001054281525954143,0.08100753078828718,0.3167035311353832,True,0.1988555309618352
Avila,Ampliado,hasTerrace,-0.005209228305694924,0.05223856653455596,-0.09971997034507071,0.9206770070041714,-0.10828412373565381,0.09786566712426396,False,0.005209228305694924
Avila,Ampliado,hasSwimmingPool,0.19493941928450617,0.04702909150981365,4.145081544767408,5.211837977359454e-05,0.10214363618556983,0.2877352023834425,True,0.19493941928450617
Avila,Ampliado,hasGarden,-0.0060866193279021305,0.04530733594458518,-0.13434070225065972,0.8932824322468826,-0.09548510830843118,0.08331186965262691,False,0.0060866193279021305
Avila,Ampliado,hasParking,0.1960657944094138,0.061811666477131454,3.1719868688858686,0.001778742777000118,0.07410166941246864,0.31802991940635894,True,0.1960657944094138
Avila,Ampliado,exterior,0.06551391730972576,0.057608339883886236,1.1372297386415542,0.25694551516075803,-0.04815638421926273,0.17918421883871427,False,0.06551391730972576
Avila,Ampliado,size_sq,-0.0845025786783867,0.0658799038132536,-1.2826761089075334,0.20124573580215427,-0.21449397482427612,0.04548881746750272,False,0.0845025786783867
Avila,Ampliado,floor_num,-0.040849220957378765,0.04714674804660929,-0.8664271163940133,0.3874030571267501,-0.1338771588804495,0.05217871696569194,False,0.040849220957378765
Avila,Ampliado,status_renew,-0.1051512846431377,0.05634219869866899,-1.8662971462209152,0.06361744713530422,-0.21632329077614704,0.006020721489871636,False,0.1051512846431377
Avila,Ampliado,dist_center_km,-0.1655114534839641,0.05555861007544222,-2.9790423709163805,0.003288291208754409,-0.27513731620689774,-0.055885590761030446,True,0.1655114534839641
Avila,Ampliado,hasAirConditioning,-0.034222675254984826,0.04754505068274319,-0.7197946950008445,0.4725798240412353,-0.12803652682945368,0.05959117631948404,False,0.034222675254984826
Avila,Ampliado,hasBoxRoom,0.03635905258745157,0.056909795234196994,0.6388891830980176,0.5237026733625716,-0.07593291064673999,0.14865101582164314,False,0.03635905258745157
Avila,Ampliado,floor_missing,0.012147407542991583,0.06873257838625232,0.1767343496809843,0.8599146592440252,-0.12347276352559862,0.1477675786115818,False,0.012147407542991583
Barcelona,Base,size,0.5675665205891383,0.012549926648503596,45.224688277904214,0.0,0.5429662798052273,0.5921667613730492,True,0.5675665205891383
Barcelona,Base,rooms,-0.08578085873992156,0.0073241494627815495,-11.71205737619449,1.7352620215518635e-31,-0.1001375833143446,-0.07142413416549852,True,0.08578085873992156
Barcelona,Base,bathrooms,0.247596097324405,0.009768429723196009,25.346560741125664,1.2791473906547638e-137,0.22844811901331363,0.26674407563549635,True,0.247596097324405
Barcelona,Base,hasLift,0.20499033074687284,0.00567159886885889,36.14330552754982,1.0284941814232479e-269,0.1938729193299446,0.21610774216380108,True,0.20499033074687284
Barcelona,Base,hasTerrace,0.06135220706477518,0.005166626136422184,11.874713874160966,2.578319538838753e-32,0.05122463815092912,0.07147977597862123,True,0.06135220706477518
Barcelona,Base,hasSwimmingPool,0.07034301445986749,0.006658798374308584,10.563920170832857,5.910828906424319e-26,0.057290504439098736,0.08339552448063624,True,0.07034301445986749
Barcelona,Base,hasGarden,0.002332418384760764,0.006207827288264488,0.3757221772535548,0.7071310411010167,-0.009836102620455504,0.014500939389977032,False,0.002332418384760764
Barcelona,Base,hasParking,0.028379661295817867,0.005557109272115042,5.106910788712373,3.3321457544142707e-07,0.017486671242140185,0.03927265134949555,True,0.028379661295817867
Barcelona,Base,newDevelopment,0.010104982512145802,0.005457483010651759,1.8515829536112502,0.064113796702599,-0.0005927211395440387,0.02080268616383564,False,0.010104982512145802
Barcelona,Base,exterior,0.03391666385149557,0.004545878438441561,7.460970263675382,9.26847221827834e-14,0.025005878371057267,0.04282744933193387,True,0.03391666385149557
Barcelona,Ampliado,size,0.7299461437278164,0.011354887745231457,64.28475209139438,0.0,0.7076884043004135,0.7522038831552194,True,0.7299461437278164
Barcelona,Ampliado,rooms,-0.04552697760781223,0.006510337520536129,-6.993028773731391,2.8540015988816804e-12,-0.05828847726925901,-0.032765477946365446,True,0.04552697760781223
Barcelona,Ampliado,bathrooms,0.150835345128978,0.007655590843710894,19.702639313971435,6.939832470446306e-85,0.13582893115243408,0.16584175910552193,True,0.150835345128978
Barcelona,Ampliado,hasLift,0.1379173611725914,0.004919282413679548,28.03607306404499,7.580424477557754e-167,0.12827463210382833,0.14756009024135447,True,0.1379173611725914
Barcelona,Ampliado,hasTerrace,0.04775386643470892,0.004493420995632197,10.627507745463374,3.0178882042822765e-26,0.038945906734675434,0.05656182613474241,True,0.04775386643470892
Barcelona,Ampliado,hasSwimmingPool,0.07084908058890661,0.005690017461530844,12.45146980091083,2.4390088653012176e-35,0.059695564249714964,0.08200259692809826,True,0.07084908058890661
Barcelona,Ampliado,hasGarden,0.020459239676833663,0.005183913669994587,3.9466783166655293,7.975993880117212e-05,0.010297783018722114,0.030620696334945213,True,0.020459239676833663
Barcelona,Ampliado,hasParking,0.04575829749868329,0.004952295029184152,9.239816535369375,2.946781309479079e-20,0.03605085742526699,0.0554657375720996,True,0.04575829749868329
Barcelona,Ampliado,newDevelopment,0.03266551962533146,0.005111964836279406,6.390012582540787,1.7291075200128207e-10,0.022645096364367366,0.04268594288629555,True,0.03266551962533146
Barcelona,Ampliado,exterior,0.02423577564460395,0.0039025552409239503,6.210232565181064,5.491034591315252e-10,0.01658602519330521,0.03188552609590269,True,0.02423577564460395
Barcelona,Ampliado,size_sq,-0.21404450732616281,0.007498706570750548,-28.544190295572403,1.1809023892225474e-172,-0.22874339829180992,-0.1993456163605157,True,0.21404450732616281
Barcelona,Ampliado,floor_num,0.08221079126589032,0.004300003980058762,19.11877097024614,4.028769340487098e-80,0.07378196569998928,0.09063961683179135,True,0.08221079126589032
Barcelona,Ampliado,status_renew,-0.04574064755040739,0.004364089446452127,-10.481143457678934,1.4105762676940883e-25,-0.0542950928180678,-0.03718620228274698,True,0.04574064755040739
Barcelona,Ampliado,dist_center_km,-0.2087015394095944,0.0053154663264609854,-39.26307243649627,0.0,-0.21912086429276537,-0.19828221452642344,True,0.2087015394095944
Barcelona,Ampliado,hasAirConditioning,0.06518794984281534,0.004646236975254051,14.030267976000285,2.5573143141466134e-44,0.05608044176052726,0.07429545792510342,True,0.06518794984281534
Barcelona,Ampliado,hasBoxRoom,0.00809929511687969,0.004526650113970394,1.7892469956719659,0.07360388896643406,-0.000773799974534882,0.01697239020829426,False,0.00809929511687969
Barcelona,Ampliado,floor_missing,-0.036197594942957684,0.005172431098473864,-6.998178275132143,2.7515385119804116e-12,-0.04633654357715926,-0.02605864630875611,True,0.036197594942957684
Barcelona,Ampliado,status_missing,0.007233890316083484,0.0027859519671200655,2.596559596668641,0.009429393927244288,0.0017728946345136713,0.012694885997653296,True,0.007233890316083484
Las Palmas,Base,size,0.41929901724836843,0.03965479204109792,10.573728814762417,1.1952857351090084e-24,0.3414673878910075,0.49713064660572936,True,0.41929901724836843
Las Palmas,Base,rooms,-0.1161010706453882,0.03511455627982878,-3.3063516372007054,0.0009844059845129174,-0.1850214454285251,-0.04718069586225128,True,0.1161010706453882
Las Palmas,Base,bathrooms,0.19913861300331706,0.03457920178918662,5.758912950546775,1.1785179452252103e-08,0.1312689942611468,0.2670082317454873,True,0.19913861300331706
Las Palmas,Base,hasLift,0.23905318920634736,0.02907764506839396,8.221201842311054,7.401865547450182e-16,0.18198163802527925,0.29612474038741543,True,0.23905318920634736
Las Palmas,Base,hasTerrace,0.08925102115976277,0.024352603401057608,3.6649478369892354,0.00026256707697771365,0.041453448552811724,0.13704859376671383,True,0.08925102115976277
Las Palmas,Base,hasSwimmingPool,0.04328033693796201,0.021845099583636268,1.9812377953352271,0.04788310906583383,0.0004043159943620117,0.086156357881562,True,0.04328033693796201
Las Palmas,Base,hasGarden,-0.018612655754073056,0.0231546109165905,-0.8038423025600016,0.42171044331433527,-0.06405889319509225,0.026833581686946145,False,0.018612655754073056
Las Palmas,Base,hasParking,0.1347747124276717,0.027397541284987864,4.919226547585122,1.0412274025009448e-06,0.08100075047154365,0.18854867438379974,True,0.1347747124276717
Las Palmas,Base,newDevelopment,0.10139675684572827,0.0205613271500683,4.931430549481406,9.799084812322603e-07,0.061040433902942524,0.141753079788514,True,0.10139675684572827
Las Palmas,Base,exterior,-0.003055613933868805,0.02093505499680276,-0.14595681426848242,0.8839897237867137,-0.04414546353889035,0.03803423567115274,False,0.003055613933868805
Las Palmas,Ampliado,size,0.45922268501069935,0.043695384969110226,10.509638153670913,2.2496851776511235e-24,0.3734593272325776,0.5449860427888211,True,0.45922268501069935
Las Palmas,Ampliado,rooms,-0.12197826548429838,0.03389014023084278,-3.5992257527836444,0.00033761035211477805,-0.18849632508769165,-0.055460205880905125,True,0.12197826548429838
Las Palmas,Ampliado,bathrooms,0.10929261166869701,0.03013244349982171,3.627074308439131,0.00030371245584344685,0.05014999204350888,0.16843523129388516,True,0.10929261166869701
Las Palmas,Ampliado,hasLift,0.19367013966804897,0.025149818258881795,7.700657622034836,3.757235332540932e-14,0.1443071952079869,0.24303308412811103,True,0.19367013966804897
Las Palmas,Ampliado,hasTerrace,0.05658734406561098,0.023645251970724143,2.393179998067831,0.01691884363350768,0.01017749538359014,0.10299719274763182,True,0.05658734406561098
Las Palmas,Ampliado,hasSwimmingPool,0.0022418969612550115,0.023305689112519862,0.09619526590400881,0.9233881386914266,-0.04350147284852514,0.047985266771035165,False,0.0022418969612550115
Las Palmas,Ampliado,hasGarden,-0.03513213125610292,0.018850834099496762,-1.8636910743934032,0.06270931334440223,-0.07213170982564904,0.0018674473134432032,False,0.03513213125610292
Las Palmas,Ampliado,hasParking,0.10922305703258987,0.024049103534193518,4.541668543997669,6.38627308670417e-06,0.062020546467590705,0.15642556759758905,True,0.10922305703258987
Las Palmas,Ampliado,newDevelopment,0.08390612926261007,0.020279092648982883,4.137568219395578,3.858790573729544e-05,0.04410322834985004,0.1237090301753701,True,0.08390612926261007
Las Palmas,Ampliado,exterior,0.05071573616222595,0.016971457843227743,2.9882957981988247,0.002886005323980361,0.017404913702279312,0.08402655862217259,True,0.05071573616222595
Las Palmas,Ampliado,size_sq,0.010287836912588081,0.031014623908803045,0.3317092266809023,0.7401905063092006,-0.05058628717454269,0.07116196099971886,False,0.010287836912588081
Las Palmas,Ampliado,floor_num,-0.007465030200630709,0.023354545821758596,-0.3196392795477019,0.7493202464526746,-0.05330429378585798,0.03837423338459656,False,0.007465030200630709
Las Palmas,Ampliado,status_renew,-0.14495512376499972,0.021615783786510637,-6.705985089259599,3.6432420913773296e-11,-0.18738162257826296,-0.10252862495173648,True,0.14495512376499972
Las Palmas,Ampliado,dist_center_km,-0.3662920733479004,0.02131309471936624,-17.18624527178906,4.706231669988363e-57,-0.40812446752564246,-0.3244596791701584,True,0.3662920733479004
Las Palmas,Ampliado,hasAirConditioning,0.09536012360298127,0.020487592539502265,4.654530463699762,3.7649568321976666e-06,0.05514798838046624,0.13557225882549628,True,0.09536012360298127
Las Palmas,Ampliado,hasBoxRoom,0.06295381611753957,0.02278411539003209,2.7630572896888275,0.005849849635621,0.018234168007453977,0.10767346422762517,True,0.06295381611753957
Las Palmas,Ampliado,floor_missing,-0.07914730358664174,0.02705220919557293,-2.9257242177320633,0.0035279267297020586,-0.1322441763472014,-0.026050430826082077,True,0.07914730358664174
Las Palmas,Ampliado,status_missing,0.002420880838511291,0.013443873199132067,0.18007316810066182,0.8571379968569424,-0.02396615541064764,0.028807917087670224,False,0.002420880838511291
Madrid,Base,size,0.606802758432074,0.010996928846009835,55.17929295798331,0.0,0.5852473927136934,0.6283581241504546,True,0.606802758432074
Madrid,Base,rooms,-0.13110556789490263,0.006515615105473114,-20.121748410948033,7.529188042888366e-89,-0.14387699421268207,-0.11833414157712319,True,0.13110556789490263
Madrid,Base,bathrooms,0.2811277511596593,0.009747844050885295,28.839992688857947,6.082891298600887e-178,0.2620207489752437,0.30023475334407496,True,0.2811277511596593
Madrid,Base,hasLift,0.2328410057090551,0.0046806875831252705,49.74504313180167,0.0,0.22366626846372348,0.24201574295438674,True,0.2328410057090551
Madrid,Base,hasTerrace,-0.054778005294339016,0.004279408791748087,-12.800367518047477,2.585840624289891e-37,-0.06316618556323778,-0.046389825025440264,True,0.054778005294339016
Madrid,Base,hasSwimmingPool,0.0027508576427647904,0.005964008138433814,0.46124310680219544,0.6446310469078308,-0.008939349538850736,0.014441064824380316,False,0.0027508576427647904
Madrid,Base,hasGarden,-0.04360895145932615,0.005000525946210275,-8.720872949849579,3.053919793409475e-18,-0.05341061218334947,-0.033807290735302836,True,0.04360895145932615
Madrid,Base,hasParking,-0.03055600815176952,0.00573743385499206,-5.325727306674424,1.0203556719896977e-07,-0.041802101198397335,-0.0193099151051417,True,0.03055600815176952
Madrid,Base,newDevelopment,-0.05789152812551083,0.004757586844966807,-12.168254624034033,6.6867526044815476e-34,-0.06721699761033215,-0.04856605864068951,True,0.05789152812551083
Madrid,Base,exterior,-0.026660692555430625,0.004129332610834858,-6.456416827619133,1.10587714555121e-10,-0.03475470460604757,-0.018566680504813676,True,0.026660692555430625
Madrid,Ampliado,size,0.7888092171946565,0.010891181853497734,72.42641136703894,0.0,0.7674611279374192,0.8101573064518938,True,0.7888092171946565
Madrid,Ampliado,rooms,-0.11236243440787651,0.005682550446029736,-19.773240110236326,6.668080473628526e-86,-0.1235009495628353,-0.10122391925291771,True,0.11236243440787651
Madrid,Ampliado,bathrooms,0.18970857270156863,0.007418637220164979,25.571889697734782,3.853395912038756e-141,0.17516710863701598,0.20425003676612127,True,0.18970857270156863
Madrid,Ampliado,hasLift,0.14592542554089333,0.003978502885969054,36.67847673443371,7.576637630487746e-282,0.13812705839742606,0.1537237926843606,True,0.14592542554089333
Madrid,Ampliado,hasTerrace,-0.026806159355882275,0.003575765983582046,-7.496620158858672,6.923541192645564e-14,-0.033815111406020636,-0.019797207305743917,True,0.026806159355882275
Madrid,Ampliado,hasSwimmingPool,0.058814536407246085,0.005121984962915845,11.482762412048187,2.1730935608248467e-30,0.04877480025800176,0.0688542725564904,True,0.058814536407246085
Madrid,Ampliado,hasGarden,-0.017399885402869374,0.004242113392161443,-4.101702098539092,4.1233979944290545e-05,-0.025714962366358,-0.009084808439380745,True,0.017399885402869374
Madrid,Ampliado,hasParking,0.009693046793510851,0.0046045953861339126,2.105081115856583,0.035301242312802114,0.0006674594312834035,0.0187186341557383,True,0.009693046793510851
Madrid,Ampliado,newDevelopment,0.0004555022292138612,0.004109561593818519,0.1108396160551564,0.9117450492956112,-0.007599756501479097,0.00851076095990682,False,0.0004555022292138612
Madrid,Ampliado,exterior,-0.012942636288378245,0.003632692394924032,-3.562821973713771,0.0003680555767904874,-0.02006317128027353,-0.00582210129648296,True,0.012942636288378245
Madrid,Ampliado,size_sq,-0.23938945684918772,0.005838617176903685,-41.0010537762539,0.0,-0.2508338824687406,-0.22794503122963483,True,0.23938945684918772
Madrid,Ampliado,floor_num,0.053874578099309144,0.004049286836580274,13.304707785237461,3.717811135491658e-40,0.045937465490385986,0.0618116907082323,True,0.053874578099309144
Madrid,Ampliado,status_renew,-0.01359878143216444,0.00359454862685306,-3.783168025764015,0.0001554613518635503,-0.02064454983065049,-0.006553013033678388,True,0.01359878143216444
Madrid,Ampliado,dist_center_km,-0.2649156054003833,0.004382180464282532,-60.45292008387343,0.0,-0.27350523148056677,-0.2563259793201998,True,0.2649156054003833
Madrid,Ampliado,hasAirConditioning,0.06957196495251738,0.003826299149927004,18.182573349980917,4.511258737919274e-73,0.06207193631684641,0.07707199358818836,True,0.06957196495251738
Madrid,Ampliado,hasBoxRoom,-0.009183304210742175,0.003987491968333538,-2.3030276383428263,0.02129123853092218,-0.01699929108871017,-0.0013673173327741813,True,0.009183304210742175
Madrid,Ampliado,floor_missing,-0.019363748323045396,0.0040276628612847445,-4.807688475909015,1.5420305651050086e-06,-0.02725847521470528,-0.011469021431385512,True,0.019363748323045396
Madrid,Ampliado,status_missing,0.008600509573931487,0.0030266967042566957,2.841549852628403,0.004495685538983783,0.0026678025209951666,0.014533216626867806,True,0.008600509573931487
Malaga,Base,size,0.4872124317364981,0.02224818784482191,21.89897150881405,1.3290007334823607e-99,0.443591378634364,0.5308334848386322,True,0.4872124317364981
Malaga,Base,rooms,-0.10751383036781942,0.015164638874279117,-7.089771887029543,1.6240139030713179e-12,-0.13724647745905544,-0.0777811832765834,True,0.10751383036781942
Malaga,Base,bathrooms,0.3503883082515738,0.018340333037671422,19.104795290896245,2.1248691850936273e-77,0.3144292159009,0.3863474006022476,True,0.3503883082515738
Malaga,Base,hasLift,0.1471853544851897,0.011710180264732964,12.569008431788312,1.8706295822440804e-35,0.12422571396406895,0.17014499500631047,True,0.1471853544851897
Malaga,Base,hasTerrace,-0.002328935678928802,0.01165568632324586,-0.1998111148790973,0.8416401632057718,-0.025181732301933758,0.020523860944076152,False,0.002328935678928802
Malaga,Base,hasSwimmingPool,0.06182263282982063,0.013434209232092641,4.60188104575103,4.338706073672596e-06,0.03548276378584887,0.08816250187379239,True,0.06182263282982063
Malaga,Base,hasGarden,-0.022641587184307976,0.011549092583520547,-1.9604646010557887,0.05002240952208619,-0.0452853901034956,2.2157348796500442e-06,False,0.022641587184307976
Malaga,Base,hasParking,0.04841474451198485,0.012573072528366439,3.850669309570519,0.0001199475278907845,0.023763268704506735,0.07306622031946297,True,0.04841474451198485
Malaga,Base,newDevelopment,-0.040042542188737866,0.011093812093090473,-3.609448389131942,0.00031123824684238126,-0.06179369647568922,-0.01829138790178651,True,0.040042542188737866
Malaga,Base,exterior,-0.009571162189576916,0.012386244024907556,-0.7727251433388702,0.43973835223335095,-0.033856331485836465,0.014714007106682631,False,0.009571162189576916
Malaga,Ampliado,size,0.5333713135661181,0.024749230846755687,21.551025842729832,1.0681247780635698e-96,0.4848465342440831,0.5818960928881531,True,0.5333713135661181
Malaga,Ampliado,rooms,-0.083059185116236,0.015694625470494286,-5.292205619840136,1.2846000633104151e-07,-0.1138309792868641,-0.0522873909456079,True,0.083059185116236
Malaga,Ampliado,bathrooms,0.3000657934324474,0.017400393257146176,17.24477079328154,5.776544490787771e-64,0.2659495718759973,0.33418201498889744,True,0.3000657934324474
Malaga,Ampliado,hasLift,0.10390228349507533,0.011364508457370096,9.142699297979119,1.0191875372120559e-19,0.08162036821407682,0.1261841987760738,True,0.10390228349507533
Malaga,Ampliado,hasTerrace,0.007432538263800069,0.011203796485855523,0.6633946156718786,0.5071225789251536,-0.014534275792419308,0.029399352320019445,False,0.007432538263800069
Malaga,Ampliado,hasSwimmingPool,0.08748653990633003,0.014263925228455947,6.133412683052906,9.583640079099262e-10,0.05951985971887014,0.11545322009378992,True,0.08748653990633003
Malaga,Ampliado,hasGarden,0.0026079209276280487,0.011853134630634062,0.22001951457532232,0.8258690920743302,-0.020632023205879722,0.025847865061135816,False,0.0026079209276280487
Malaga,Ampliado,hasParking,0.05504356417968036,0.01299478492212201,4.235819562198026,2.337235558512798e-05,0.029565234182773053,0.08052189417658766,True,0.05504356417968036
Malaga,Ampliado,newDevelopment,0.03746774163895891,0.013193514075469988,2.8398606637045036,0.004539993664019726,0.01159977172270318,0.06333571155521464,True,0.03746774163895891
Malaga,Ampliado,exterior,-0.00285449315093338,0.011651550107443094,-0.24498827405890905,0.8064802131691491,-0.025699198961151533,0.019990212659284773,False,0.00285449315093338
Malaga,Ampliado,size_sq,-0.07190191327460119,0.01852774688713638,-3.880769405616283,0.00010609062194852161,-0.10822848982963257,-0.0355753367195698,True,0.07190191327460119
Malaga,Ampliado,floor_num,0.03684583980573984,0.01005367803305805,3.6649114567410073,0.00025118170479853394,0.017134014781776133,0.05655766482970355,True,0.03684583980573984
Malaga,Ampliado,status_renew,-0.04140079165285316,0.011104535908085265,-3.728277525106569,0.00019591671959242487,-0.06317298965568877,-0.01962859365001755,True,0.04140079165285316
Malaga,Ampliado,dist_center_km,-0.1759199709280922,0.012958559454148522,-13.575580800516649,6.311189115852743e-41,-0.20132727516867863,-0.15051266668750576,True,0.1759199709280922
Malaga,Ampliado,hasAirConditioning,0.09272696079330135,0.010605670299508846,8.743149482743734,3.491966624166836e-18,0.0719328676745089,0.1135210539120938,True,0.09272696079330135
Malaga,Ampliado,hasBoxRoom,0.01313006772100733,0.012217588725248592,1.0746856860448273,0.2825913098670203,-0.010824446276254422,0.03708458171826908,False,0.01313006772100733
Malaga,Ampliado,floor_missing,-0.017551609136823625,0.011793801654999696,-1.4882062332617783,0.136788736606926,-0.040675221592510594,0.005572003318863348,False,0.017551609136823625
Malaga,Ampliado,status_missing,-0.004913736091163702,0.0063596975665806375,-0.7726367550848219,0.4397907925593399,-0.01738292848279969,0.007555456300472288,False,0.004913736091163702
Sevilla,Base,size,0.5522245232654235,0.02582069474191063,21.38689639396438,1.6737333286347586e-93,0.5015929531679504,0.6028560933628966,True,0.5522245232654235
Sevilla,Base,rooms,-0.13602216885325866,0.019662153780261767,-6.917968925144261,5.7670482906401246e-12,-0.1745775108896889,-0.09746682681682842,True,0.13602216885325866
Sevilla,Base,bathrooms,0.17940600840167095,0.0211642221015681,8.476853415197263,3.8481207314932014e-17,0.13790527398670133,0.22090674281664058,True,0.17940600840167095
Sevilla,Base,hasLift,0.23635389263543613,0.016308085401481102,14.493049724523177,8.301175497251914e-46,0.20437551337748244,0.2683322718933898,True,0.23635389263543613
Sevilla,Base,hasTerrace,0.04616683919235452,0.012491467551561598,3.6958699209512065,0.00022373115350223934,0.021672431846659585,0.07066124653804946,True,0.04616683919235452
Sevilla,Base,hasSwimmingPool,-0.028682045713316142,0.013116278947984034,-2.1867517324892334,0.028850873963600768,-0.054401640155325504,-0.0029624512713067805,True,0.028682045713316142
Sevilla,Base,hasGarden,0.03481359868573695,0.011253074567099862,3.093696614036487,0.0019981364136014406,0.012747545101539356,0.056879652269934536,True,0.03481359868573695
Sevilla,Base,hasParking,0.0024744300479375442,0.013544012704024892,0.18269549076856778,0.8550514203572669,-0.02408390370254155,0.02903276379841664,False,0.0024744300479375442
Sevilla,Base,newDevelopment,-0.02583278858114309,0.010893551398267453,-2.371383549468691,0.017795235176632212,-0.04719385638915019,-0.004471720773135995,True,0.02583278858114309
Sevilla,Base,exterior,-0.06258411764095297,0.013943156405619586,-4.488518655340433,7.489244740640757e-06,-0.08992512871705235,-0.03524310656485358,True,0.06258411764095297
Sevilla,Ampliado,size,0.6083271740986471,0.025728388542085475,23.64420037825415,6.326246576425567e-112,0.5578765315969479,0.6587778166003463,True,0.6083271740986471
Sevilla,Ampliado,rooms,-0.11120026269159237,0.017095571490483085,-6.504623887741707,9.339743340288189e-11,-0.14472286610757343,-0.07767765927561132,True,0.11120026269159237
Sevilla,Ampliado,bathrooms,0.1440972907538538,0.016638071480775726,8.660696699154672,8.167613962499553e-18,0.11147179635799324,0.17672278514971435,True,0.1440972907538538
Sevilla,Ampliado,hasLift,0.16680629484943207,0.012752000492824654,13.080794259950924,6.823203752722487e-38,0.14180097370416767,0.19181161599469648,True,0.16680629484943207
Sevilla,Ampliado,hasTerrace,0.02222211427414286,0.01012993321122212,2.1937078765262545,0.028346308530036127,0.002358389106533458,0.04208583944175226,True,0.02222211427414286
Sevilla,Ampliado,hasSwimmingPool,0.03128970629889981,0.011337836412351728,2.759759901352255,0.005825695963298799,0.009057411001949994,0.05352200159584962,True,0.03128970629889981
Sevilla,Ampliado,hasGarden,0.01113886676015597,0.009378452972595222,1.1877083344880923,0.23505886868840845,-0.00725128532284142,0.02952901884315336,False,0.01113886676015597
Sevilla,Ampliado,hasParking,0.05844452119589892,0.011006473945907572,5.310013132555478,1.190718822461994e-07,0.036861992568389346,0.0800270498234085,True,0.05844452119589892
Sevilla,Ampliado,newDevelopment,0.004968358399980883,0.00990585828287133,0.5015575892673426,0.6160220218364483,-0.014455979586992322,0.024392696386954085,False,0.004968358399980883
Sevilla,Ampliado,exterior,-0.03101074104679023,0.01001944203444742,-3.095056684810742,0.0019890977589502343,-0.050657804729754605,-0.011363677363825857,True,0.03101074104679023
Sevilla,Ampliado,size_sq,-0.1705963576577388,0.0145323381712221,-11.739085317706481,4.970001065546067e-31,-0.19909273225931323,-0.1420999830561644,True,0.1705963576577388
Sevilla,Ampliado,floor_num,-0.034838180806202004,0.01054535139452199,-3.303652908550724,0.0009675177797875419,-0.05551649699338049,-0.014159864619023518,True,0.034838180806202004
Sevilla,Ampliado,status_renew,-0.03148371993300979,0.011702606408571011,-2.690316911790783,0.007184932278286187,-0.05443129052380487,-0.008536149342214711,True,0.03148371993300979
Sevilla,Ampliado,dist_center_km,-0.37966268825303967,0.012932328931615134,-29.35764240614804,1.7916679486102245e-163,-0.4050216143504147,-0.3543037621556646,True,0.37966268825303967
Sevilla,Ampliado,hasAirConditioning,0.08918606897644614,0.011996105471101054,7.434585265301128,1.4239947915206984e-13,0.0656629778374416,0.11270916011545068,True,0.08918606897644614
Sevilla,Ampliado,hasBoxRoom,0.029581110522687245,0.009122010274564924,3.2428280206139233,0.0011987491239038655,0.011693815385407026,0.04746840565996746,True,0.029581110522687245
Sevilla,Ampliado,floor_missing,-0.060956328279525795,0.016286792352001804,-3.742684683521103,0.00018608229079489406,-0.09289300154245406,-0.029019655016597534,True,0.060956328279525795
Sevilla,Ampliado,status_missing,0.006921040799143823,0.0023988866616440957,2.8851053740073045,0.003945649075401263,0.0022170783581719625,0.011625003240115683,True,0.006921040799143823
Valencia,Base,size,0.6129678389687077,0.01812029871924486,33.82768951362256,3.082253877621693e-223,0.5774429604285354,0.6484927175088799,True,0.6129678389687077
Valencia,Base,rooms,-0.11502465950120579,0.012582749138219978,-9.141456945352228,9.193058345969558e-20,-0.13969316203322976,-0.0903561569691818,True,0.11502465950120579
Valencia,Base,bathrooms,0.1817542208015049,0.016987826920263797,10.699085978130658,2.1600619067209744e-26,0.14844955527946815,0.21505888632354167,True,0.1817542208015049
Valencia,Base,hasLift,0.1612178974661331,0.010307781795067026,15.640406507565654,1.0444566746153859e-53,0.14100947254102703,0.18142632239123918,True,0.1612178974661331
Valencia,Base,hasTerrace,0.024731407432231567,0.00959986566553818,2.5762243237437112,0.010020810633959846,0.0059108533644327,0.043551961500030434,True,0.024731407432231567
Valencia,Base,hasSwimmingPool,0.07401375212102503,0.011120366264986541,6.655693738619373,3.1645818642824005e-11,0.052212253867229136,0.09581525037482092,True,0.07401375212102503
Valencia,Base,hasGarden,0.027762593845479907,0.011180957025279789,2.483024823609425,0.013064089760701324,0.005842307296114239,0.04968288039484557,True,0.027762593845479907
Valencia,Base,hasParking,0.04633547548522775,0.010430506832561748,4.442303353905928,9.118037418911912e-06,0.025886447901280963,0.06678450306917454,True,0.04633547548522775
Valencia,Base,newDevelopment,0.01702013659041586,0.009032894583896786,1.8842394796412405,0.05959827944166955,-0.0006888696423735866,0.03472914282320531,False,0.01702013659041586
Valencia,Base,exterior,0.033305354842578,0.0071580897981064085,4.652827190207722,3.3700698000194723e-06,0.01927190679642051,0.047338802888735494,True,0.033305354842578
Valencia,Ampliado,size,0.5922565417703312,0.01982073668592974,29.88065232664938,8.51869557078388e-179,0.5533979321391538,0.6311151514015085,True,0.5922565417703312
Valencia,Ampliado,rooms,-0.08317647543201277,0.011802296134814936,-7.047482496787648,2.105161969385767e-12,-0.10631490996759141,-0.060038040896434136,True,0.08317647543201277
Valencia,Ampliado,bathrooms,0.1505033645347878,0.014272912624289527,10.544684781343255,1.085312941478941e-25,0.12252127947127524,0.17848544959830037,True,0.1505033645347878
Valencia,Ampliado,hasLift,0.09426734072880265,0.00948468979808856,9.938895497436327,4.9200521231365435e-23,0.0756725798893447,0.1128621015682606,True,0.09426734072880265
Valencia,Ampliado,hasTerrace,0.03209567366196446,0.00912041886815928,3.519100835819631,0.00043739018174658795,0.014215066998024928,0.049976280325903996,True,0.03209567366196446
Valencia,Ampliado,hasSwimmingPool,0.08571435011516057,0.010543223584073301,8.129804839256328,5.537236179895994e-16,0.06504433083184302,0.10638436939847812,True,0.08571435011516057
Valencia,Ampliado,hasGarden,0.04779999435816483,0.010242272934595564,4.6669322974893275,3.148096753120726e-06,0.027719989663689805,0.06787999905263986,True,0.04779999435816483
Valencia,Ampliado,hasParking,0.03437162176217671,0.009450240814632605,3.6371159673472264,0.00027886301463225484,0.015844398250998596,0.052898845273354825,True,0.03437162176217671
Valencia,Ampliado,newDevelopment,0.04472914477537885,0.009427052431379906,4.744764612371156,2.1536044742298673e-06,0.02624738215433175,0.06321090739642596,True,0.04472914477537885
Valencia,Ampliado,exterior,0.03224483187094443,0.006792680569343614,4.746996644663403,2.130103607507846e-06,0.018927762643099748,0.04556190109878911,True,0.03224483187094443
Valencia,Ampliado,size_sq,-0.07907107216688655,0.01198635779610819,-6.596755537579553,4.6990170487188416e-11,-0.10257036010350642,-0.05557178423026668,True,0.07907107216688655
Valencia,Ampliado,floor_num,0.048308160740392264,0.00845934509851056,5.710626552981968,1.1996657250684818e-08,0.03172359104819789,0.06489273043258664,True,0.048308160740392264
Valencia,Ampliado,status_renew,-0.022905822679377418,0.008598184105520854,-2.6640302647938996,0.0077491895408527,-0.03976258663258648,-0.006049058726168358,True,0.022905822679377418
Valencia,Ampliado,dist_center_km,-0.256012319841158,0.009792370001192352,-26.144061122076177,3.4836559692353214e-140,-0.27521028857813773,-0.23681435110417834,True,0.256012319841158
Valencia,Ampliado,hasAirConditioning,0.0701428066165941,0.008552999325102447,8.200960148649834,3.0981634534529323e-16,0.05337462755159435,0.08691098568159385,True,0.0701428066165941
Valencia,Ampliado,hasBoxRoom,0.017289208587261875,0.00911219993496538,1.8973693192265937,0.05784456058002276,-0.0005752848351959113,0.035153702009719665,False,0.017289208587261875
Valencia,Ampliado,floor_missing,-0.013527880560172234,0.008545215175020037,-1.583094197524466,0.11347179995085555,-0.03028079877719464,0.0032250376568501715,False,0.013527880560172234
Valencia,Ampliado,status_missing,0.0011647425037303513,0.00575111872040527,0.2025245105091961,0.8395160538914748,-0.010110341810236045,0.012439826817696746,False,0.0011647425037303513
Zaragoza,Base,size,0.44536821348318145,0.024221984321118512,18.386941696385982,8.349188246121567e-69,0.3978589766188909,0.492877450347472,True,0.44536821348318145
Zaragoza,Base,rooms,0.0438396752181738,0.017964706193217328,2.4403224158893124,0.014779275004309778,0.008603524850971454,0.07907582558537615,True,0.0438396752181738
Zaragoza,Base,bathrooms,0.19742176094006855,0.021977733581698265,8.982807995473634,7.059741369735942e-19,0.1543144194179781,0.240529102462159,True,0.19742176094006855
Zaragoza,Base,hasLift,0.2784763338488373,0.0150860298809769,18.45921929400318,2.7606209879288975e-69,0.24888644734510432,0.30806622035257025,True,0.2784763338488373
Zaragoza,Base,hasTerrace,0.022049103525950933,0.014001950714600498,1.5747165502417664,0.11551452651507294,-0.005414459501876141,0.049512666553778006,False,0.022049103525950933
Zaragoza,Base,hasSwimmingPool,0.014682179809034081,0.018354233239702523,0.7999342504417277,0.4238646021539229,-0.021317992715526264,0.05068235233359442,False,0.014682179809034081
Zaragoza,Base,hasGarden,-0.0055096231580784374,0.01381141170556165,-0.39891817545774805,0.6900053682193095,-0.03259946111068856,0.021580214794531684,False,0.0055096231580784374
Zaragoza,Base,hasParking,0.10927323249169407,0.013468047734811802,8.113516869207995,9.535217050582075e-16,0.08285687198836109,0.13568959299502706,True,0.10927323249169407
Zaragoza,Base,newDevelopment,0.10013091186632829,0.016870222742137952,5.935363948469051,3.569586509681763e-09,0.06704149204077031,0.13322033169188627,True,0.10013091186632829
Zaragoza,Base,exterior,-0.014812547870478648,0.011856071143413149,-1.2493639496004563,0.21171005010033192,-0.03806716172724647,0.008442065986289172,False,0.014812547870478648
Zaragoza,Ampliado,size,0.4863398341165486,0.028278652227076907,17.198126353803968,4.665914785698286e-61,0.4308736088422552,0.541806059390842,True,0.4863398341165486
Zaragoza,Ampliado,rooms,0.05783161614797186,0.017795873870650746,3.2497205008487238,0.0011786709836074478,0.0229264890882988,0.09273674320764491,True,0.05783161614797186
Zaragoza,Ampliado,bathrooms,0.17305370091309197,0.019992506195686474,8.655928337310185,1.1505367794902567e-17,0.13384006217447245,0.2122673396517115,True,0.17305370091309197
Zaragoza,Ampliado,hasLift,0.23149749159294772,0.014693093663613089,15.755530924453495,3.560296346100953e-52,0.2026782099462107,0.2603167732396847,True,0.23149749159294772
Zaragoza,Ampliado,hasTerrace,0.017546095000311856,0.013344575393038812,1.3148485046189453,0.1887453239744433,-0.00862818017364303,0.04372037017426674,False,0.017546095000311856
Zaragoza,Ampliado,hasSwimmingPool,0.04721965443153688,0.016569254613124848,2.8498357671523267,0.004429043543983093,0.014720439065157798,0.07971886979791597,True,0.04721965443153688
Zaragoza,Ampliado,hasGarden,-0.00998089762557833,0.01253945872043002,-0.7959592074988745,0.4261713629103889,-0.03457600338309795,0.014614208131941293,False,0.00998089762557833
Zaragoza,Ampliado,hasParking,0.08960009906147738,0.013240200007408769,6.767276854680458,1.8229779502435e-11,0.0636305475287328,0.11556965059422196,True,0.08960009906147738
Zaragoza,Ampliado,newDevelopment,0.1254297930385333,0.015927844995012597,7.874875294040624,6.167881577301935e-15,0.09418864931169466,0.15667093676537194,True,0.1254297930385333
Zaragoza,Ampliado,exterior,-0.005603815444804801,0.011423492687862488,-0.49055184766379556,0.623809316961406,-0.028010046610147707,0.016802415720538103,False,0.005603815444804801
Zaragoza,Ampliado,size_sq,-0.0571037375100034,0.02165938308035345,-2.636443397217551,0.008457374151122918,-0.09958681667481568,-0.01462065834519112,True,0.0571037375100034
Zaragoza,Ampliado,floor_num,0.05419154946368166,0.010543371777381811,5.1398689724606115,3.079888318627883e-07,0.0335116022915552,0.07487149663580812,True,0.05419154946368166
Zaragoza,Ampliado,status_renew,-0.08844743035648048,0.01282774789754648,-6.895008466248196,7.669711338925177e-12,-0.11360799136673565,-0.06328686934622531,True,0.08844743035648048
Zaragoza,Ampliado,dist_center_km,-0.14597661401139186,0.016483435790323537,-8.855957936699472,2.114053331407368e-18,-0.1783075028917684,-0.11364572513101534,True,0.14597661401139186
Zaragoza,Ampliado,hasAirConditioning,0.07741233047872716,0.011692961363871069,6.620421300451389,4.843948164984916e-11,0.054477558908847354,0.10034710204860696,True,0.07741233047872716
Zaragoza,Ampliado,hasBoxRoom,0.03734770297440286,0.0130502788625005,2.8618317943933076,0.004265645444777467,0.011750665977472943,0.06294473997133278,True,0.03734770297440286
Zaragoza,Ampliado,floor_missing,-0.02251755972101343,0.01808144129487765,-1.2453409744162651,0.21318499270959052,-0.05798280354141396,0.012947684099387104,False,0.02251755972101343
Zaragoza,Ampliado,status_missing,0.04226027831079532,0.009800443477112118,4.3120781635534815,1.7139351753409538e-05,0.023037523233062608,0.06148303338852803,True,0.04226027831079532
