Ciudad,R2_Ampliado,R2_Base,R2_ajustado_Ampliado,R2_ajustado_Base,AIC_Ampliado,AIC_Base,BIC_Ampliado,BIC_Base,N_Ampliado,N_Base,VIF_max_Ampliado,VIF_max_Base,Mejora_R2_ajustado,Delta_AIC,Delta_BIC
Sevilla,0.7246268221038836,0.5540988278310965,0.7226845347989737,0.5523570263773118,4018.5481165721158,5241.693377645769,4129.7370705101675,5306.065929925694,2571.0,2571.0,4.702319887334144,3.109117044425461,0.1703275084216619,-1223.1452610736533,-1176.3288594155265
Las Palmas,0.6515953621165427,0.4835650704640587,0.6442260513269984,0.4775530223902992,1589.6331195124421,1916.051843581838,1680.2344905337661,1968.505268909973,870.0,870.0,3.5025966357732905,2.372240359875905,0.16667302893669922,-326.4187240693959,-288.27077837620686
Madrid,0.8322702726834801,0.7480839302942339,0.8320640335215361,0.7479119387125409,15465.188889809178,21411.21396623959,15609.450979078409,21494.73412318493,14658.0,14658.0,7.049804149516436,3.6600891770561197,0.08415209480899521,-5946.025076430411,-5885.283144106523
Barcelona,0.8137757510877793,0.7330960326170171,0.8134561747239295,0.7328417657146802,12196.52701666081,15962.748523938657,12334.464967526113,16042.607337597517,10508.0,10508.0,5.197593876213231,2.892883573151356,0.08061440900924932,-3766.221507277847,-3708.142370071404
Valencia,0.7261980973558229,0.6595620206418636,0.7250790160098657,0.6587904023749594,6860.595369794397,7808.049062059194,6982.0922658738955,7878.3893703157455,4423.0,4423.0,4.588045579808079,2.5784046932873825,0.06628861363490623,-947.4536922647967,-896.29710444185
Zaragoza,0.7923003464875504,0.7524047469573923,0.7900123454084659,0.7508968586928211,2131.0531472091484,2405.48905915604,2233.8497420677477,2465.0028772320716,1653.0,1653.0,5.190709462421773,2.9316821594866345,0.0391154867156448,-274.4359119468918,-231.15313516432388
Malaga,0.6565822061308543,0.6191342223988999,0.6547742154056,0.6180228545039448,6120.061117334939,6459.891571270492,6236.771375867852,6527.460668315863,3438.0,3438.0,4.532571389063814,2.622637878553952,0.036751360901655206,-339.8304539355531,-290.68929244801075
A Coruña,0.670954265436956,0.6415013317474589,0.6627735703787587,0.6366038089571238,1320.6546747455136,1368.3507223836546,1408.257899595151,1419.06837887555,743.0,743.0,4.283712819406896,2.6417693145519823,0.026169761421634963,-47.69604763814095,-10.810479280399022
Alicante,0.6388186535191854,0.6128102394847372,0.6368837534487525,0.6116606261815446,6186.09713787442,6405.055000952874,6302.478504521991,6472.433686906731,3379.0,3379.0,3.1496962842800307,2.1974229055088363,0.02522312726720788,-218.95786307845447,-169.9551823847396
Avila,0.6426462147941627,0.6081082552540457,0.6110569299140887,0.5893474802396117,392.1519185470263,396.4192706877162,448.0524580688334,429.30194099466155,198.0,198.0,3.4700545551848947,2.5704294966577943,0.021709449674476966,-4.267352140689923,18.750517074171853
