Ciudad,R2_test_OLS,RMSE_test_log_OLS,MAE_test_log_OLS,R2_test_RF,RMSE_test_log_RF,MAE_test_log_RF,Diferencia_R2_RF_menos_OLS,Reduccion_RMSE_RF,Reduccion_MAE_RF
A Coruña,0.6473,0.2884,0.2223,0.7536,0.241,0.1835,0.10630000000000006,0.0474,0.0388
Alicante,0.6326,0.3407,0.264,0.8275,0.2334,0.1617,0.19489999999999996,0.1073,0.1023
Avila,0.3722,0.2276,0.182,0.5282,0.1973,0.1451,0.15600000000000003,0.030299999999999994,0.03689999999999999
Barcelona,0.8225,0.2831,0.2172,0.864,0.2478,0.1764,0.04149999999999998,0.035300000000000026,0.0408
Las Palmas,0.6697,0.2878,0.222,0.7703,0.24,0.1737,0.10060000000000002,0.04780000000000001,0.04830000000000001
Madrid,0.8291,0.3146,0.2484,0.8761,0.2679,0.1986,0.04700000000000004,0.046699999999999964,0.04980000000000001
Malaga,0.6425,0.314,0.2321,0.7791,0.2468,0.1704,0.13660000000000005,0.06720000000000001,0.061700000000000005
Sevilla,0.6857,0.3641,0.2627,0.8184,0.2768,0.1949,0.13270000000000004,0.08729999999999999,0.0678
Valencia,0.737,0.2546,0.2028,0.7965,0.224,0.1633,0.0595,0.03059999999999999,0.03950000000000001
Zaragoza,0.8159,0.205,0.1607,0.8483,0.1861,0.1381,0.032400000000000095,0.0189,0.02260000000000001
