Ciudad,N,R2_ajustado,VIF_max,Breusch_Pagan_p,Jarque_Bera_p,Variables_excluidas_varianza_cero
A Coruña,743,0.6627735703787587,4.283712819406896,0.005920241947174922,0.003586142044559994,
Alicante,3379,0.6368837534487525,3.1496962842800307,6.121052155018603e-26,1.3545155072881688e-05,
Avila,198,0.6110569299140887,3.4700545551848947,0.0890610291721774,0.4789287516620898,"newDevelopment, status_missing"
Barcelona,10508,0.8134561747239295,5.197593876213231,4.9467684842698845e-55,1.8588409941658925e-143,
Las Palmas,870,0.6442260513269984,3.5025966357732905,1.7259937223435892e-07,0.00022586681151582147,
Madrid,14658,0.8320640335215361,7.049804149516436,3.055590992358391e-45,1.8552125472562622e-87,
Malaga,3438,0.6547742154056,4.532571389063814,1.215966943716919e-44,6.196825834773112e-41,
Sevilla,2571,0.7226845347989737,4.702319887334144,1.9979027985965444e-46,1.3715891998477657e-296,
Valencia,4423,0.7250790160098657,4.588045579808079,2.3860263534411191e-35,2.8126777195109146e-45,
Zaragoza,1653,0.7900123454084659,5.190709462421773,1.2163478953039607e-12,5.413786290228168e-131,
