Ciudad,Modelo,N_train,N_test,R2_train,R2_test,RMSE_test_log,MAE_test_log
A Coruña,Random Forest,594,149,0.9564,0.7536,0.241,0.1835
Alicante,Random Forest,2703,676,0.9756,0.8275,0.2334,0.1617
Avila,Random Forest,158,40,0.9461,0.5282,0.1973,0.1451
Barcelona,Random Forest,8406,2102,0.9796,0.864,0.2478,0.1764
Las Palmas,Random Forest,696,174,0.9584,0.7703,0.24,0.1737
Madrid,Random Forest,11726,2932,0.9841,0.8761,0.2679,0.1986
Malaga,Random Forest,2750,688,0.9683,0.7791,0.2468,0.1704
Sevilla,Random Forest,2056,515,0.9758,0.8184,0.2768,0.1949
Valencia,Random Forest,3538,885,0.9722,0.7965,0.224,0.1633
Zaragoza,Random Forest,1322,331,0.9716,0.8483,0.1861,0.1381
