Ciudad,Modelo,N,N_variables,R2,R2_ajustado,AIC,BIC,VIF_max,Breusch_Pagan_p,Jarque_Bera_p,Variables_excluidas_varianza_cero
A Coruña,Base,743,10,0.6415013317474589,0.6366038089571238,1368.3507223836546,1419.06837887555,2.6417693145519823,0.0012385527566335316,0.10732834673365191,
A Coruña,Ampliado,743,18,0.670954265436956,0.6627735703787587,1320.6546747455136,1408.257899595151,4.283712819406896,0.005920241947174922,0.003586142044559994,
Alicante,Base,3379,10,0.6128102394847372,0.6116606261815446,6405.055000952874,6472.433686906731,2.1974229055088363,1.0329232820744788e-24,0.00013989702224612204,
Alicante,Ampliado,3379,18,0.6388186535191854,0.6368837534487525,6186.09713787442,6302.478504521991,3.1496962842800307,6.121052155018603e-26,1.3545155072881688e-05,
Avila,Base,198,9,0.6081082552540457,0.5893474802396117,396.4192706877162,429.30194099466155,2.5704294966577943,0.7011623391225661,0.36761865127926985,newDevelopment
Avila,Ampliado,198,16,0.6426462147941627,0.6110569299140887,392.1519185470263,448.0524580688334,3.4700545551848947,0.0890610291721774,0.4789287516620898,"newDevelopment, status_missing"
Barcelona,Base,10508,10,0.7330960326170171,0.7328417657146802,15962.748523938657,16042.607337597517,2.892883573151356,1.4461742977439008e-63,3.439253453720826e-248,
Barcelona,Ampliado,10508,18,0.8137757510877793,0.8134561747239295,12196.52701666081,12334.464967526113,5.197593876213231,4.9467684842698845e-55,1.8588409941658925e-143,
Las Palmas,Base,870,10,0.4835650704640587,0.4775530223902992,1916.051843581838,1968.505268909973,2.372240359875905,5.514058049189687e-07,6.022226686803946e-06,
Las Palmas,Ampliado,870,18,0.6515953621165427,0.6442260513269984,1589.6331195124421,1680.2344905337661,3.5025966357732905,1.7259937223435892e-07,0.00022586681151582147,
Madrid,Base,14658,10,0.7480839302942339,0.7479119387125409,21411.21396623959,21494.73412318493,3.6600891770561197,2.2543005485125146e-120,7.512371629632394e-40,
Madrid,Ampliado,14658,18,0.8322702726834801,0.8320640335215361,15465.188889809178,15609.450979078409,7.049804149516436,3.055590992358391e-45,1.8552125472562622e-87,
Malaga,Base,3438,10,0.6191342223988999,0.6180228545039448,6459.891571270492,6527.460668315863,2.622637878553952,1.1349673459648702e-46,8.981904091056508e-41,
Malaga,Ampliado,3438,18,0.6565822061308543,0.6547742154056,6120.061117334939,6236.771375867852,4.532571389063814,1.215966943716919e-44,6.196825834773112e-41,
Sevilla,Base,2571,10,0.5540988278310965,0.5523570263773118,5241.693377645769,5306.065929925694,3.109117044425461,3.084007323647643e-32,1.4366632714099542e-207,
Sevilla,Ampliado,2571,18,0.7246268221038836,0.7226845347989737,4018.5481165721158,4129.7370705101675,4.702319887334144,1.9979027985965444e-46,1.3715891998477657e-296,
Valencia,Base,4423,10,0.6595620206418636,0.6587904023749594,7808.049062059194,7878.3893703157455,2.5784046932873825,2.069759515098596e-40,1.757250121708729e-24,
Valencia,Ampliado,4423,18,0.7261980973558229,0.7250790160098657,6860.595369794397,6982.0922658738955,4.588045579808079,2.3860263534411191e-35,2.8126777195109146e-45,
Zaragoza,Base,1653,10,0.7524047469573923,0.7508968586928211,2405.48905915604,2465.0028772320716,2.9316821594866345,1.6815687456732007e-07,1.579540466669446e-136,
Zaragoza,Ampliado,1653,18,0.7923003464875504,0.7900123454084659,2131.0531472091484,2233.8497420677477,5.190709462421773,1.2163478953039607e-12,5.413786290228168e-131,
