Ciudad,Variable,Beta_estandarizada,p_value_HC3,Beta_abs
A Coruña,bathrooms,0.21249321649714678,1.9104533793317563e-08,0.21249321649714678
Alicante,bathrooms,0.24783854984768436,3.816184638319246e-47,0.24783854984768436
Avila,hasLift,0.1988555309618352,0.001054281525954143,0.1988555309618352
Barcelona,dist_center_km,-0.2087015394095944,0.0,0.2087015394095944
Las Palmas,dist_center_km,-0.3662920733479004,4.706231669988363e-57,0.3662920733479004
Madrid,dist_center_km,-0.2649156054003833,0.0,0.2649156054003833
Malaga,bathrooms,0.3000657934324474,5.776544490787771e-64,0.3000657934324474
Sevilla,dist_center_km,-0.37966268825303967,1.7916679486102245e-163,0.37966268825303967
Valencia,dist_center_km,-0.256012319841158,3.4836559692353214e-140,0.256012319841158
Zaragoza,hasLift,0.23149749159294772,3.560296346100953e-52,0.23149749159294772
